s000,34,31,65,66
s001,105,31,63,66
s002,175,31,63,66
s003,244,31,64,66
s004,314,30,64,67
s005,384,30,67,67
s006,459,29,64,68
s007,530,29,61,68
s008,598,30,94,68
s009,731,31,108,66
s010,848,31,64,66
s011,920,31,64,66
s012,992,31,111,66
s013,1112,31,112,120
s014,34,104,65,64
s015,105,104,63,64
s016,175,104,63,64
s017,243,104,65,64
s018,314,104,64,64
s019,384,104,67,64
s020,459,104,64,64
s021,530,104,62,64
s022,599,105,93,63
s023,731,104,109,68
s024,848,104,65,68
s025,920,104,64,68
s026,993,104,110,67
s027,34,175,65,64
s028,104,175,64,65
s029,175,175,63,64
s030,243,175,65,64
s031,314,175,64,65
s032,384,175,68,65
s033,459,176,64,64
s034,530,176,61,63
s035,601,177,109,66
s036,731,179,108,70
s037,848,179,65,70
s038,919,179,65,70
s039,993,179,109,70
s040,1113,159,110,104
s041,34,246,64,67
s042,105,246,63,68
s043,175,250,58,64
s044,244,246,64,68
s045,314,246,64,68
s046,384,246,68,68
s047,459,246,64,68
s048,530,246,61,68
s049,598,248,113,66
s050,731,257,108,71
s051,848,257,65,70
s052,920,257,64,70
s053,944,257,179,251
s054,1146,265,78,70
s055,31,340,69,99
s056,109,340,80,99
s057,202,340,72,99
s058,286,341,71,110
s059,388,343,67,111
s060,465,343,67,51
s061,564,329,148,162
s062,721,340,82,103
s063,820,350,121,149
s064,1150,347,78,92
s065,464,401,68,52
s066,1104,409,58,73
s067,31,447,69,100
s068,109,447,81,100
s069,203,447,93,112
s070,306,468,71,105
s071,385,467,69,110
s072,471,468,61,40
s073,725,460,58,57
s074,788,460,57,58
s075,926,468,45,49
s076,1054,475,88,120
s077,1151,467,78,128
s078,464,514,77,102
s079,559,487,72,74
s080,641,493,86,67
s081,798,523,56,55
s082,863,514,71,63
s083,942,538,48,42
s084,997,519,43,51
s085,31,556,88,101
s086,114,556,101,101
s087,223,566,114,91
s088,347,589,112,68
s089,559,570,45,41
s090,624,563,77,56
s091,732,549,54,46
s092,785,591,79,72
s093,878,591,92,72
s094,981,583,74,67
s095,543,615,84,50
s096,641,628,46,37
s097,710,607,65,56
s098,1044,653,24,23
s099,1064,619,34,31
s100,1101,600,46,44
s101,1157,607,64,62
s102,36,686,265,241
s103,319,686,265,241
s104,595,676,176,97
s105,785,687,77,104
s106,873,686,61,101
s107,950,697,69,79
s108,1032,697,27,79
s109,1074,697,70,79
s110,1158,686,61,105
s111,606,786,161,63
s112,807,795,117,60
s113,943,802,103,52
s114,1063,794,154,57
s115,597,859,43,79
s116,654,859,59,83
s117,727,859,57,79
s118,795,859,23,78
s119,830,859,59,78
s120,900,863,100,88
s121,1013,863,20,74
s122,1067,862,108,89
s123,1189,862,21,86
s124,38,947,24,66
s125,78,957,95,52
s126,192,948,67,62
s127,281,947,104,63
s128,402,947,50,71
s129,493,947,70,127
s130,595,957,18,53
s131,625,950,120,73
s132,757,951,23,75
s133,789,943,49,83
s134,849,954,21,59
s135,900,957,100,69
s136,1020,958,20,61
s137,1059,957,91,75
s138,1164,957,40,66
s139,37,1027,101,63
s140,161,1031,127,149
s141,312,1039,147,84
s142,564,1041,132,157
s143,731,1051,42,56
s144,782,1064,40,49
s145,832,1055,50,61
s146,888,1046,23,97
s147,919,1037,106,152
s148,1038,1045,86,80
s149,1127,1045,87,80
s150,39,1106,99,91
s151,329,1133,90,62
s152,464,1097,80,119
s153,727,1113,46,62
s154,782,1122,48,65
s155,837,1134,44,53
s156,1038,1130,86,80
s157,1129,1130,87,80
s158,686,1151,35,47

